{"model_name": "fpn", "metadata": "fpn_Epochs:1_lf:DiceLoss_lr:0.0002", "train_loss": [0.5202212239965874], "val_loss": [0.4797565061470558], "val_meanIoU": [0.46773181059237184], "tl": [0.7011611461639404, 0.1534862220287323, 0.6243560314178467, 0.6800829768180847, 0.9043624401092529, 0.7200711369514465, 0.701780378818512, 0.5094941854476929, 0.4127465784549713, 0.5522105693817139, 0.6606729030609131, 0.4810907244682312, 0.6292545199394226, 0.7028122544288635, 0.5868445634841919, 0.4956439137458801, 0.5926578044891357, 0.7171850800514221, 0.7945623993873596, 0.9533045887947083, 0.7195321917533875, 0.6424333453178406, 0.6309592723846436, 0.5338034629821777, 0.6611576080322266, 0.24685555696487427, 0.7266069650650024, 0.6454232335090637, 0.7680371403694153, 0.6400780081748962, 0.6912797689437866, 0.7689020037651062, 0.12297910451889038, 0.5485748648643494, 0.8631593585014343, 0.0755615085363388, 0.6691049337387085, 0.8214255571365356, 0.6160233616828918, 0.5901932120323181, 0.6578611731529236, 0.565185546875, 0.7535102367401123, 0.4461277723312378, 0.3797363340854645, 0.654219388961792, 0.6857673525810242, 0.6587918400764465, 0.8143979907035828, 0.17790600657463074, 0.5983772277832031, 0.11589527875185013, 0.3189757764339447, 0.6421403884887695, 0.43766433000564575, 0.11420450359582901, 0.7554700374603271, 0.7829824090003967, 0.12843139469623566, 0.6527126431465149, 0.2295967936515808, 0.5316331386566162, 0.14960861206054688, 0.5879800319671631, 0.10998070985078812, 0.03340339660644531, 0.4373312294483185, 0.5582295656204224, 0.64402174949646, 0.44311580061912537, 0.8371520638465881, 0.9486085772514343, 0.907116711139679, 0.759607195854187, 0.1366749107837677, 0.6754149198532104, 0.5726193189620972, 0.06581758707761765, 0.7159430980682373, 0.3976178467273712, 0.5918234586715698, 0.5141805410385132, 0.8815166354179382, 0.6577873229980469, 0.5914470553398132, 0.7455913424491882, 0.6106818318367004, 0.6518396735191345, 0.5320916175842285, 0.8289375901222229, 0.5382961630821228, 0.5808333158493042, 0.8074668645858765, 0.24177953600883484, 0.7013795375823975, 0.08592686802148819, 0.5770437717437744, 0.5117751955986023, 0.4731450080871582, 0.5522438883781433, 0.14073488116264343, 0.37988296151161194, 0.6394786238670349, 0.37918993830680847, 0.3998663127422333, 0.5139672756195068, 0.7936536073684692, 0.6466692686080933, 0.547238826751709, 0.5427788496017456, 0.4111768305301666, 0.6111401319503784, 0.5536498427391052, 0.12890100479125977, 0.5159937143325806, 0.6235288977622986, 0.6405423283576965, 0.8210321664810181, 0.4670208692550659, 0.5307013988494873, 0.30778270959854126, 0.6683209538459778, 0.049643535166978836, 0.5331143736839294, 0.8124305009841919, 0.4177718460559845, 0.3665878474712372, 0.544283390045166, 0.23573872447013855, 0.6987093091011047, 0.844067394733429, 0.5267175436019897, 0.09547789394855499, 0.19977086782455444, 0.3732050359249115, 0.6371370553970337, 0.6162999272346497, 0.6376407146453857, 0.5618207454681396, 0.5522362589836121, 0.49998632073402405, 0.6390706896781921, 0.7306164503097534, 0.6252606511116028, 0.6138657927513123, 0.9110381603240967, 0.9297692775726318, 0.5985872149467468, 0.5656172633171082, 0.5439850687980652, 0.3441637456417084, 0.6620510816574097, 0.48328739404678345, 0.4832831919193268, 0.06705519556999207, 0.7113915085792542, 0.6968767642974854, 0.8164886832237244, 0.46223771572113037, 0.6845751404762268, 0.7809334993362427, 0.5116792917251587, 0.661309003829956, 0.7044392228126526, 0.10225134342908859, 0.15948143601417542, 0.5422697067260742, 0.8622076511383057, 0.524778425693512, 0.5402705073356628, 0.31930968165397644, 0.3747314214706421, 0.4304769039154053, 0.8785101175308228, 0.5339167714118958, 0.7603610754013062, 0.6083697080612183, 0.553700864315033, 0.5266863703727722, 0.77913898229599, 0.37872514128685, 0.7957459092140198, 0.5649498105049133, 0.629145085811615, 0.5597264766693115, 0.7561832666397095, 0.5512730479240417, 0.30865198373794556, 0.6006863713264465, 0.6235537528991699, 0.6100318431854248, 0.5959184169769287, 0.38615724444389343, 0.7592794895172119, 0.7027540802955627, 0.06751614809036255, 0.10854271799325943, 0.11274299770593643, 0.6075560450553894, 0.5618454813957214, 0.3785756230354309, 0.8287923336029053, 0.4845615327358246, 0.4567831754684448, 0.5954989790916443, 0.5166715383529663, 0.6472380757331848, 0.48847150802612305, 0.5138447284698486, 0.4583987593650818, 0.5114587545394897, 0.9650929570198059, 0.5281159281730652, 0.8444401621818542, 0.5643807053565979, 0.7021427750587463, 0.5604434013366699, 0.2481563687324524, 0.5120168328285217, 0.6085060238838196, 0.16182692348957062, 0.37362465262413025, 0.43275129795074463, 0.6251584887504578, 0.8244251012802124, 0.03216300904750824, 0.05538410320878029, 0.6270197629928589, 0.8491427898406982, 0.7631437182426453, 0.5344628095626831, 0.5667300224304199, 0.7024729251861572, 0.09186948090791702, 0.5173578262329102, 0.3579943776130676, 0.6304136514663696, 0.5414099097251892, 0.37697741389274597, 0.6929985284805298, 0.41744673252105713, 0.616988480091095, 0.37705522775650024, 0.1467110812664032, 0.682252049446106, 0.490970253944397, 0.5669761896133423, 0.6779949069023132, 0.49737516045570374, 0.558081865310669, 0.5977802276611328, 0.7764657139778137, 0.6384428143501282, 0.7916076183319092, 0.35684096813201904, 0.06947517395019531, 0.5539135932922363, 0.4210938811302185, 0.5358911752700806, 0.5518637895584106, 0.5166161060333252, 0.7824455499649048, 0.8326085209846497, 0.8017184734344482, 0.1155005544424057, 0.8409416079521179, 0.5253121852874756, 0.48557955026626587, 0.9510323405265808, 0.5230828523635864, 0.7319349646568298, 0.7567442059516907, 0.6639412641525269, 0.3140980005264282, 0.7809884548187256, 0.6643115282058716, 0.8214468359947205, 0.7753989696502686, 0.3292945623397827, 0.5270053148269653, 0.5738391876220703, 0.4214681088924408, 0.41109153628349304, 0.28061825037002563, 0.918447732925415, 0.5348801612854004, 0.49752938747406006, 0.4689294099807739, 0.5678064227104187, 0.5019819736480713, 0.6686602830886841, 0.14284886419773102, 0.40751779079437256, 0.6206559538841248, 0.5799964070320129, 0.5785881876945496, 0.7892712354660034, 0.023908309638500214, 0.46937623620033264, 0.8817712068557739, 0.4606170952320099, 0.5179650783538818, 0.06412778794765472, 0.9236567616462708, 0.5262858271598816, 0.07369275391101837, 0.6404927372932434, 0.615463137626648, 0.05800868943333626, 0.6029042601585388, 0.5810562968254089, 0.2923215627670288, 0.724833071231842, 0.5455931425094604, 0.7042732834815979, 0.4265449643135071, 0.5750454068183899, 0.7010871171951294, 0.44373780488967896, 0.6582726240158081, 0.5854389071464539, 0.7454788684844971, 0.131792351603508, 0.2805330157279968, 0.5473625063896179, 0.5283077955245972, 0.38787326216697693, 0.5451111197471619, 0.2709767520427704, 0.8050755262374878, 0.5610262751579285, 0.7203028798103333, 0.759788453578949, 0.4541299641132355, 0.06412723660469055, 0.05500863492488861, 0.07983818650245667, 0.5965124368667603, 0.198520228266716, 0.7891667485237122, 0.7550148367881775, 0.6836310625076294, 0.4236612617969513, 0.40063589811325073, 0.5447335243225098, 0.5880476236343384, 0.5615540742874146, 0.08793725818395615, 0.7119752764701843, 0.5715440511703491, 0.5764909982681274, 0.6328860521316528, 0.36661797761917114, 0.4646550118923187, 0.47301536798477173, 0.857127845287323, 0.4605035185813904, 0.6557287573814392, 0.6898830533027649, 0.7575036883354187, 0.15513482689857483, 0.3955745995044708, 0.7744449973106384, 0.6679108738899231, 0.7415021657943726, 0.9401267170906067, 0.7458719611167908, 0.666442334651947, 0.7235978841781616, 0.5648751258850098, 0.4410882890224457, 0.5548077821731567, 0.7673081755638123, 0.6070631742477417, 0.6468786001205444, 0.718064546585083, 0.05485866963863373, 0.5020295977592468, 0.3300207555294037, 0.09764455258846283, 0.45438122749328613, 0.9059426188468933, 0.4552164673805237, 0.5187621116638184, 0.35241904854774475, 0.5277396440505981, 0.4502159357070923, 0.596587598323822, 