{"train_loss": [0.8471278232577434], "val_loss": [0.8492348556933196], "val_meanIoU": [0.5248188275224905], "tl": [0.94583660364151, 0.952100932598114, 0.910878598690033, 0.926166296005249, 0.938336968421936, 0.910900890827179, 0.9259721636772156, 0.8961488008499146, 0.905083954334259, 0.8756271600723267, 0.9681472778320312, 0.9294284582138062, 0.8698972463607788, 0.9024729132652283, 0.8652472496032715, 0.8850016593933105, 0.9077607989311218, 0.8574831485748291, 0.8945353031158447, 0.8488047122955322, 0.9430334568023682, 0.9508671760559082, 0.8671196699142456, 0.9360163807868958, 0.8401025533676147, 0.8779585957527161, 0.8823963403701782, 0.9298532605171204, 0.9348137974739075, 0.8808640241622925, 0.8785641193389893, 0.8452860116958618, 0.8791593313217163, 0.842133641242981, 0.9351610541343689, 0.9499406814575195, 0.9143686890602112, 0.8331458568572998, 0.9201461672782898, 0.8550328016281128, 0.8594881892204285, 0.9591576457023621, 0.8508853316307068, 0.8881067037582397, 0.9965881109237671, 0.84050053358078, 0.854643702507019, 0.8836266994476318, 0.7680671811103821, 0.8450430035591125, 0.9429059028625488, 0.8827928304672241, 0.8898349404335022, 0.892099142074585, 0.9615215063095093, 0.9062647819519043, 0.8320002555847168, 0.8473089933395386, 0.8901293277740479, 0.8428752422332764, 0.8689640760421753, 0.8586767911911011, 0.8440561294555664, 0.857124924659729, 0.9301806092262268, 0.9571346044540405, 0.8442790508270264, 0.8882668018341064, 0.8832858204841614, 0.8913323879241943, 0.8732764720916748, 0.858500599861145, 0.8739866018295288, 0.8622837662696838, 0.8730486631393433, 0.9293484091758728, 0.7670698761940002, 0.8949429392814636, 0.8913474082946777, 0.8628952503204346, 0.8373869061470032, 0.8499707579612732, 0.8053920269012451, 0.8764542937278748, 0.9509522318840027, 0.8641822338104248, 0.9098371267318726, 0.9818449020385742, 0.9381754994392395, 0.9125382304191589, 0.8124787211418152, 0.8247146606445312, 0.8268787264823914, 0.8517622351646423, 0.9076457619667053, 0.8157142996788025, 0.8865663409233093, 0.8610873222351074, 0.8932652473449707, 0.8707783222198486, 0.9704017639160156, 0.8691652417182922, 0.9636892080307007, 0.9415339827537537, 0.8805775046348572, 0.8279215097427368, 0.8484951853752136, 0.8586503267288208, 0.8677386045455933, 0.902278482913971, 0.9579042196273804, 0.8576876521110535, 0.8968093395233154, 0.7809393405914307, 0.7822737097740173, 0.7754707932472229, 0.8770250082015991, 0.8507019281387329, 0.7708635926246643, 0.8966902494430542, 0.8676673173904419, 0.8814911842346191, 0.898409366607666, 0.8387754559516907, 0.7606175541877747, 0.9562596678733826, 0.9269254207611084, 0.9495384097099304, 0.7935693264007568, 0.8389629125595093, 0.7719911932945251, 0.8697708249092102, 0.8651431798934937, 0.9673405885696411, 0.8847466111183167, 0.8220397233963013, 0.9273938536643982, 0.8167764544487, 0.8742929697036743, 0.7912997603416443, 0.8786237835884094, 0.7844552993774414, 0.8867074847221375, 0.9660866260528564, 0.8539718985557556, 0.8254099488258362, 0.781938374042511, 0.893887460231781, 0.8815833330154419, 0.8728410601615906, 0.8017275333404541, 0.7912019491195679, 0.7528091073036194, 0.9500821232795715, 0.8867073059082031, 0.8360769748687744, 0.8119179606437683, 0.8746320009231567, 0.8058456182479858, 0.8422008752822876, 0.706558883190155, 0.8028411269187927, 0.8471774458885193, 0.831395149230957, 0.8596967458724976, 0.8253540396690369, 0.985092043876648, 0.8757569193840027, 0.9061360359191895, 0.9240800738334656, 0.8721091747283936, 0.847830593585968, 0.9618625044822693, 0.9403002858161926, 0.968450665473938, 0.7892267107963562, 0.7929487228393555, 0.7840596437454224, 0.7800312638282776, 0.8390793204307556, 0.9398344159126282, 0.9217552542686462, 0.9292260408401489, 0.9039573669433594, 0.9498184323310852, 0.809493362903595, 0.868622899055481, 0.8620433807373047, 0.7597767114639282, 0.8794443607330322, 0.9010871648788452, 0.8396365642547607, 0.8746930360794067, 0.954872190952301, 0.783494770526886, 0.8352749943733215, 0.873721718788147, 0.8462501764297485, 0.7854734063148499, 0.7855629324913025, 0.7703283429145813, 0.9436308741569519, 0.871107280254364, 0.8591406345367432, 0.8410162925720215, 0.9133887887001038, 0.7594148516654968, 0.7960599660873413, 0.85264652967453, 0.828115701675415, 0.859957754611969, 0.7782503962516785, 0.8478095531463623, 0.9413635730743408, 0.9454272389411926, 0.9058388471603394, 0.8361295461654663, 0.8917372822761536, 0.8610777258872986, 0.8511369228363037, 0.9632557034492493, 0.9243411421775818, 0.7643594145774841, 0.881266176700592, 0.7478519678115845, 0.9083160161972046, 0.8821256756782532, 0.8434003591537476, 0.9692026376724243, 0.8239871859550476, 0.811246931552887, 0.8118972182273865, 0.9638744592666626, 0.8095777630805969, 0.8529853224754333, 0.7901741862297058, 0.8961672186851501, 0.8088971376419067, 0.7743697762489319, 0.9422948360443115, 0.7826125621795654, 0.8687313795089722, 0.8621610403060913, 0.8299287557601929, 0.7921168804168701, 0.98301762342453, 0.8140789866447449, 0.8486843705177307, 0.7303748726844788, 0.8817594647407532, 0.9416372776031494, 0.8276712894439697, 0.7875628471374512, 0.8299052715301514, 0.8624793291091919, 0.9665616750717163, 0.8102988004684448, 0.8724499344825745, 0.7956674098968506, 0.8107960224151611, 0.9172827005386353, 0.9228261113166809, 0.7716302871704102, 0.7862455248832703, 0.8094519972801208, 0.8245301842689514, 0.8015103340148926, 0.8741071224212646, 0.7882541418075562, 0.8105424642562866, 0.7919126152992249, 0.8739519119262695, 0.8605079650878906, 0.9818308353424072, 0.829346776008606, 0.8934840559959412, 0.9179466962814331, 0.9615710377693176, 0.7745578289031982, 0.7987912893295288, 0.814671516418457, 0.8291187286376953, 0.8137040138244629, 0.8520233631134033, 0.9405760765075684, 0.8125999569892883, 0.9181103706359863, 0.8385099768638611, 0.7210937142372131, 0.8033183813095093, 0.8409472703933716, 0.9419880509376526, 0.8508235812187195, 0.7770428657531738, 0.9043276906013489, 0.8192328214645386, 0.9375333786010742, 0.8105484247207642, 0.9327106475830078, 0.9650552272796631, 0.7687045335769653, 0.8464972972869873, 0.9082627296447754, 0.9161534309387207, 0.8368923664093018, 0.8434882164001465, 0.878191351890564, 0.8916131258010864, 0.9484275579452515, 0.9215234518051147, 0.8963538408279419, 0.8601324558258057, 0.8917452096939087, 0.7455863952636719, 0.8572574853897095, 0.7904812693595886, 0.8562285900115967, 0.7839998006820679, 0.8048012256622314, 0.9551109075546265, 0.8107237219810486, 0.8201901912689209, 0.9910781979560852, 0.8742798566818237, 0.8486725687980652, 0.9718894958496094, 0.8642159104347229, 0.904503345489502, 0.8508889675140381, 0.7700389623641968, 0.8108038306236267, 0.8357452750205994, 0.9769477844238281, 0.8878811001777649, 0.8609226942062378, 0.7822312712669373, 0.9447727799415588, 0.8282920718193054, 0.7865409851074219, 0.7450861930847168, 0.7907925844192505, 0.940902829170227, 0.9108138084411621, 0.8126580119132996, 0.8640597462654114, 0.8147761821746826, 0.838687539100647, 0.7213262915611267, 0.9026877880096436, 0.8567293286323547, 0.7787989974021912, 0.7589766979217529, 0.7505929470062256, 0.8520840406417847, 0.85411536693573, 0.9384365081787109, 0.804221510887146, 0.8697768449783325, 0.907292902469635, 0.8157082200050354, 0.9700501561164856, 0.853512167930603, 0.8641777634620667, 0.8352351188659668, 0.8076683878898621, 0.7701985239982605, 0.9013822078704834, 0.7824419736862183, 0.9013711214065552, 0.8802662491798401, 0.8010210394859314, 0.7888804078102112, 0.8476800322532654, 0.9626239538192749, 0.7702241539955139, 0.8642275333404541, 0.8273366689682007, 0.8990586996078491, 0.8341087698936462, 0.8742219805717468, 0.8223346471786499, 0.8692301511764526, 0.7956079244613647, 0.7974288463592529, 0.9305119514465332, 0.9544868469238281, 0.9348866939544678, 0.7937471866607666, 0.7114425897598267, 0.7532049417495728, 0.8676794171333313, 0.9005175232887268, 0.8571381568908691, 0.8890691995620728, 0.8786461353302002, 0.7592720985412598, 