{"model_name": "unet", "metadata": "unet_Epochs:1_lf:DiceLoss_lr:0.0002", "train_loss": [0.37632972832310757], "val_loss": [0.31120327081659743], "val_meanIoU": [0.5416708679548625], "tl": [0.4766978621482849, 0.39386460185050964, 0.37445303797721863, 0.5380839705467224, 0.7654575705528259, 0.22322219610214233, 0.8017394542694092, 0.6112537384033203, 0.49044308066368103, 0.6054548025131226, 0.2330104112625122, 0.5110906362533569, 0.7592620253562927, 0.22305123507976532, 0.4478786587715149, 0.09084228426218033, 0.3394208252429962, 0.3210631310939789, 0.7268190979957581, 0.5611381530761719, 0.20489992201328278, 0.4723759591579437, 0.5557543635368347, 0.49826550483703613, 0.6145427227020264, 0.5678555369377136, 0.7614532709121704, 0.28981080651283264, 0.4512690305709839, 0.309557169675827, 0.47619521617889404, 0.6062220335006714, 0.4548124670982361, 0.32087159156799316, 0.19409652054309845, 0.3461323380470276, 0.41743385791778564, 0.6084532141685486, 0.7815189957618713, 0.28573963046073914, 0.5147361159324646, 0.823925256729126, 0.5531073212623596, 0.20393106341362, 0.4038483500480652, 0.38784918189048767, 0.46626174449920654, 0.45281463861465454, 0.46410542726516724, 0.35523131489753723, 0.526353657245636, 0.47046756744384766, 0.14368364214897156, 0.7939726710319519, 0.6429119110107422, 0.40646693110466003, 0.31575047969818115, 0.3525858223438263, 0.7197732329368591, 0.6571075320243835, 0.527355432510376, 0.25142213702201843, 0.54524827003479, 0.5005757808685303, 0.6203546524047852, 0.16248533129692078, 0.1956031769514084, 0.5765491724014282, 0.35574039816856384, 0.30150026082992554, 0.3523440659046173, 0.5830772519111633, 0.22733192145824432, 0.5349127054214478, 0.40183719992637634, 0.6703148484230042, 0.2368086874485016, 0.3056475818157196, 0.29785531759262085, 0.46551546454429626, 0.5929094552993774, 0.25376883149147034, 0.4822840690612793, 0.546392560005188, 0.38176900148391724, 0.23772265017032623, 0.7672861814498901, 0.618848979473114, 0.4021550118923187, 0.37062984704971313, 0.16380366683006287, 0.38035741448402405, 0.1329713761806488, 0.20461277663707733, 0.3985220491886139, 0.447533518075943, 0.5893535614013672, 0.2747246026992798, 0.5015410780906677, 0.34576061367988586, 0.4315618872642517, 0.41914626955986023, 0.4740602374076843, 0.40131625533103943, 0.5397588610649109, 0.6186754107475281, 0.18200187385082245, 0.37342891097068787, 0.6181421279907227, 0.4760286808013916, 0.6825183033943176, 0.45492592453956604, 0.37219375371932983, 0.3215334117412567, 0.2771546244621277, 0.5483009815216064, 0.2383979856967926, 0.2973538339138031, 0.36257562041282654, 0.14856696128845215, 0.33141621947288513, 0.2535495162010193, 0.4914173185825348, 0.610684871673584, 0.437674343585968, 0.33328187465667725, 0.31918802857398987, 0.27707570791244507, 0.24929945170879364, 0.4783037006855011, 0.5362182259559631, 0.2848924994468689, 0.38642269372940063, 0.4721968173980713, 0.16357287764549255, 0.1456955522298813, 0.5051968097686768, 0.27978354692459106, 0.4795585870742798, 0.33195817470550537, 0.34711259603500366, 0.30247169733047485, 0.42565128207206726, 0.32599395513534546, 0.533186137676239, 0.141395702958107, 0.27159640192985535, 0.5282406210899353, 0.5128173828125, 0.42526015639305115, 0.5957696437835693, 0.5836181044578552, 0.1696704924106598, 0.5732148289680481, 0.19587072730064392, 0.6944313645362854, 0.40981635451316833, 0.4300144910812378, 0.6486791968345642, 0.4340907633304596, 0.600994884967804, 0.13042059540748596, 0.32091155648231506, 0.3668946623802185, 0.34568312764167786, 0.23949477076530457, 0.3162407875061035, 0.13682210445404053, 0.28710484504699707, 0.4402949810028076, 0.6452931761741638, 0.46930697560310364, 0.20376844704151154, 0.37274616956710815, 0.6431137323379517, 0.16168956458568573, 0.4996124804019928, 0.5020918846130371, 0.42660871148109436, 0.4507366120815277, 0.4764985144138336, 0.10154879838228226, 0.5017999410629272, 0.3566261827945709, 0.20354421436786652, 0.3420286774635315, 0.4367031157016754, 0.6817489862442017, 0.37963372468948364, 0.1790933459997177, 0.22895216941833496, 0.5502158999443054, 0.5510867238044739, 0.1848035305738449, 0.3328584134578705, 0.2308286726474762, 0.5776023864746094, 0.14807596802711487, 0.47220495343208313, 0.2970205247402191, 0.4536724388599396, 0.6506564617156982, 0.49696671962738037, 0.08899538964033127, 0.7615852952003479, 0.23996752500534058, 0.16201193630695343, 0.2334999144077301, 0.5090903639793396, 0.14196175336837769, 0.4396360218524933, 0.39718514680862427, 0.19342462718486786, 0.6613748073577881, 0.647286593914032, 0.567760169506073, 0.4595833122730255, 0.37249359488487244, 0.2840577960014343, 0.59405118227005, 0.22422081232070923, 0.18834878504276276, 0.30563676357269287, 0.3206135928630829, 0.15102510154247284, 0.49426087737083435, 0.2501829266548157, 0.3923724293708801, 0.15259945392608643, 0.10830114036798477, 0.5132523775100708, 0.4195348918437958, 0.08633176982402802, 0.4373827278614044, 0.37483590841293335, 0.4111633002758026, 0.4163026213645935, 0.29309630393981934, 0.4140920341014862, 0.45364612340927124, 0.19185908138751984, 0.4153238832950592, 0.5046337246894836, 0.45095765590667725, 0.47983044385910034, 0.63584965467453, 0.2991568148136139, 0.33576032519340515, 0.5975314378738403, 0.4306875765323639, 0.4066353440284729, 0.38150298595428467, 0.3447505533695221, 0.40498262643814087, 0.31738272309303284, 0.4001600444316864, 0.5108964443206787, 0.1594843566417694, 0.5413069128990173, 0.2448393702507019, 0.20579794049263, 0.2771162986755371, 0.34335747361183167, 0.4408179223537445, 0.4508856534957886, 0.29112476110458374, 0.3768347203731537, 0.4211794435977936, 0.31779855489730835, 0.4918050169944763, 0.30772149562835693, 0.29884129762649536, 0.21715147793293, 0.38530275225639343, 0.14686821401119232, 0.5184011459350586, 0.24113613367080688, 0.30829012393951416, 0.3417285084724426, 0.4049434959888458, 0.18576592206954956, 0.35012495517730713, 0.22120122611522675, 0.7633082270622253, 0.33085915446281433, 0.45630934834480286, 0.2231692373752594, 0.1390155851840973, 0.08414541184902191, 0.5780208706855774, 0.4269205629825592, 0.35722365975379944, 0.49807414412498474, 0.19182747602462769, 0.3603033721446991, 0.342367947101593, 0.3903774321079254, 0.15168729424476624, 0.5517469644546509, 0.11711199581623077, 0.5566770434379578, 0.3265655040740967, 0.5686343908309937, 0.1736297309398651, 0.6264179944992065, 0.5961782336235046, 0.4304717481136322, 0.262614905834198, 0.24924667179584503, 0.6159060001373291, 0.3101092278957367, 0.3404002785682678, 0.29929301142692566, 0.40112611651420593, 0.14423523843288422, 0.3215795159339905, 0.5619914531707764, 0.42260974645614624, 0.5109814405441284, 0.36915358901023865, 0.4151712954044342, 0.489183247089386, 0.18161536753177643, 0.4193224608898163, 0.6472938060760498, 0.32574281096458435, 0.632487952709198, 0.43922024965286255, 0.2562565207481384, 0.42395350337028503, 0.10081686079502106, 0.5660605430603027, 0.2933160066604614, 0.18702460825443268, 0.5577906370162964, 0.36393195390701294, 0.18581132590770721, 0.33469507098197937, 0.4346834719181061, 0.4573711156845093, 0.5334081649780273, 0.2703394591808319, 0.6556967496871948, 0.42176553606987, 0.35982924699783325, 0.22694317996501923, 0.2029189020395279, 0.2094503790140152, 0.29440468549728394, 0.03654490411281586, 0.3025148808956146, 0.4371222257614136, 0.26602256298065186, 0.26426753401756287, 0.33410561084747314, 0.5969130992889404, 0.3060230612754822, 0.2830891013145447, 0.2517416179180145, 0.10074076801538467, 0.3225204050540924, 0.6479142308235168, 0.3959636390209198, 0.21406058967113495, 0.7550480365753174, 0.094861701130867, 0.4834612011909485, 0.2459275871515274, 0.35668012499809265, 0.27952665090560913, 0.352936327457428, 0.34839972853660583, 0.48598918318748474, 0.40783536434173584, 0.3249191641807556, 0.3411388695240021, 0.12756764888763428, 0.3080746531486511, 0.5435773730278015, 0.22568388283252716, 0.4427618384361267, 0.2772649824619293, 0.2536278963088989, 0.22319284081459045, 