{"model_name": "unet", "metadata": "unet_Epochs:1_lf:DiceLoss_lr:0.0002", "train_loss": [0.2912005311430172], "val_loss": [0.28765404945046735], "val_meanIoU": [0.5814630865023054], "tl": [0.05390116572380066, 0.3163367807865143, 0.29190918803215027, 0.31188908219337463, 0.31136542558670044, 0.27990174293518066, 0.2745436429977417, 0.19004079699516296, 0.48236146569252014, 0.21489039063453674, 0.09058982878923416, 0.30890029668807983, 0.24292711913585663, 0.32209354639053345, 0.423982709646225, 0.19575899839401245, 0.17135903239250183, 0.5279706120491028, 0.07459794729948044, 0.43566203117370605, 0.11529253423213959, 0.4627896547317505, 0.4882599115371704, 0.20786736905574799, 0.5908592939376831, 0.10558772832155228, 0.5759226679801941, 0.2348109632730484, 0.36395612359046936, 0.49257078766822815, 0.3426257371902466, 0.0697173923254013, 0.15724427998065948, 0.09676074236631393, 0.41518634557724, 0.4300542175769806, 0.1880776584148407, 0.09246501326560974, 0.5450617074966431, 0.21044579148292542, 0.21928124129772186, 0.21647770702838898, 0.11946897208690643, 0.16520214080810547, 0.3636389672756195, 0.1482941210269928, 0.2923316955566406, 0.4447234272956848, 0.0760309100151062, 0.20931169390678406, 0.3085681200027466, 0.4383333921432495, 0.4032500386238098, 0.24601781368255615, 0.11231545358896255, 0.5288710594177246, 0.09474701434373856, 0.17026714980602264, 0.3995251953601837, 0.3849491477012634, 0.2205941081047058, 0.04612501338124275, 0.39293619990348816, 0.06845023483037949, 0.10805884003639221, 0.2885147035121918, 0.08857105672359467, 0.34390097856521606, 0.5440434217453003, 0.3822014629840851, 0.21000172197818756, 0.16745895147323608, 0.16306760907173157, 0.19119183719158173, 0.25055670738220215, 0.11079511046409607, 0.39552566409111023, 0.16500377655029297, 0.08363945782184601, 0.35836824774742126, 0.6488582491874695, 0.026377074420452118, 0.3582122027873993, 0.10939247161149979, 0.3378341495990753, 0.24804037809371948, 0.3287505507469177, 0.0903034433722496, 0.26362189650535583, 0.4203929305076599, 0.15073740482330322, 0.22135722637176514, 0.14734286069869995, 0.4124227464199066, 0.5062373280525208, 0.3343067765235901, 0.26681119203567505, 0.19634182751178741, 0.2509433925151825, 0.11247341334819794, 0.35412102937698364, 0.5402586460113525, 0.19287508726119995, 0.08633521944284439, 0.5138745307922363, 0.6518990993499756, 0.39564022421836853, 0.2752087116241455, 0.38848668336868286, 0.32128962874412537, 0.389227956533432, 0.6063607931137085, 0.09740111231803894, 0.4760514497756958, 0.34548190236091614, 0.39011847972869873, 0.3083949089050293, 0.32963985204696655, 0.39573633670806885, 0.3487280011177063, 0.25740572810173035, 0.10959013551473618, 0.4251801073551178, 0.533061146736145, 0.12717269361019135, 0.3417356610298157, 0.47059357166290283, 0.3714219629764557, 0.35932809114456177, 0.2093670517206192, 0.061158303171396255, 0.29924970865249634, 0.4137455224990845, 0.2307225465774536, 0.24112293124198914, 0.5003812909126282, 0.3849813640117645, 0.3402438461780548, 0.37639686465263367, 0.22980083525180817, 0.40036967396736145, 0.27430635690689087, 0.14791612327098846, 0.5694476366043091, 0.4916396737098694, 0.24729777872562408, 0.30367133021354675, 0.07912173122167587, 0.23339751362800598, 0.2706911265850067, 0.3575996160507202, 0.2494325339794159, 0.21427135169506073, 0.32611724734306335, 0.09642061591148376, 0.21650581061840057, 0.3669719994068146, 0.440141499042511, 0.05773752182722092, 0.45715051889419556, 0.34756001830101013, 0.5225722193717957, 0.5255247950553894, 0.43210381269454956, 0.39618393778800964, 0.27903205156326294, 0.3811138868331909, 0.1436128467321396, 0.08364393562078476, 0.28270745277404785, 0.5447859764099121, 0.3628248870372772, 0.4168623983860016, 0.23647110164165497, 0.10364983230829239, 0.17881180346012115, 0.17269179224967957, 0.32261693477630615, 0.3208877742290497, 0.2680373191833496, 0.2844955623149872, 0.2573980689048767, 0.09708836674690247, 0.48632901906967163, 0.7237858176231384, 0.16194646060466766, 0.31854262948036194, 0.27434730529785156, 0.46164241433143616, 0.3672047555446625, 0.4684408903121948, 0.1894913762807846, 0.19549544155597687, 0.29149919748306274, 0.5227117538452148, 0.5122807621955872, 0.22987791895866394, 0.2702190577983856, 0.6667296886444092, 0.21880249679088593, 0.4278104603290558, 0.27582594752311707, 0.4407734274864197, 0.153682142496109, 0.3890008330345154, 0.42766886949539185, 0.05773726850748062, 0.04105309396982193, 0.07706096023321152, 0.34166350960731506, 0.1677633821964264, 0.31685084104537964, 0.34675443172454834, 0.4022290110588074, 0.5441538691520691, 0.31505462527275085, 0.06430740654468536, 0.26129040122032166, 0.347424179315567, 0.319416344165802, 0.11418785154819489, 0.381938636302948, 0.3514918386936188, 0.40394511818885803, 0.23899629712104797, 0.48032277822494507, 0.4234219491481781, 0.49017685651779175, 0.2903500199317932, 0.5498993992805481, 0.5863873958587646, 0.10033182799816132, 0.26307469606399536, 0.3287835121154785, 0.5548508763313293, 0.35528281331062317, 0.2294037789106369, 0.04860799014568329, 0.11557292938232422, 0.34853464365005493, 0.23031499981880188, 0.33160191774368286, 0.46193182468414307, 0.4143504202365875, 0.33602508902549744, 0.3932512402534485, 0.34570935368537903, 0.310713529586792, 0.2541327476501465, 0.15351910889148712, 0.09190734475851059, 0.36663883924484253, 0.25648149847984314, 0.3607441782951355, 0.25191769003868103, 0.5496999621391296, 0.2921038568019867, 0.18709547817707062, 0.45463448762893677, 0.23498286306858063, 0.1926315277814865, 0.47256630659103394, 0.33521178364753723, 0.10008912533521652, 0.21344000101089478, 0.06834030151367188, 0.433720201253891, 0.3590473532676697, 0.18130652606487274, 0.4937213361263275, 0.08884788304567337, 0.3008202314376831, 0.18499980866909027, 0.16466251015663147, 0.183389350771904, 0.12664274871349335, 0.3316200375556946, 0.06126653403043747, 0.5792514681816101, 0.25656840205192566, 0.5176746845245361, 0.6192070245742798, 0.05346856266260147, 0.40125685930252075, 0.2687758505344391, 0.18775026500225067, 0.27530261874198914, 0.295170396566391, 0.33663123846054077, 0.2783251702785492, 0.47159403562545776, 0.29586052894592285, 0.2979191839694977, 0.048309702426195145, 0.3112041652202606, 0.18006594479084015, 0.21038037538528442, 0.45334428548812866, 0.1529374122619629, 0.42780688405036926, 0.2775067985057831, 0.5558022856712341, 0.1531464159488678, 0.16849930584430695, 0.31878015398979187, 0.2530771493911743, 0.17982956767082214, 0.23389145731925964, 0.38993316888809204, 0.38527801632881165, 0.2790983319282532, 0.4552488625049591, 0.69266676902771, 0.3622261583805084, 0.08783754706382751, 0.07731024920940399, 0.270291268825531, 0.11907289922237396, 0.3274146020412445, 0.34589847922325134, 0.2901138365268707, 0.27020153403282166, 0.14500945806503296, 0.5068181753158569, 0.350277304649353, 0.2882598638534546, 0.27176156640052795, 0.06863609701395035, 0.22599390149116516, 0.43552687764167786, 0.2606768012046814, 0.26818597316741943, 0.3575393259525299, 0.42181408405303955, 0.2950414717197418, 0.39267316460609436, 0.30672967433929443, 0.19370253384113312, 0.4572219252586365, 0.11125175654888153, 0.36591261625289917, 0.05769672989845276, 0.1746930181980133, 0.2337844967842102, 0.18313568830490112, 0.017456259578466415, 0.17429347336292267, 0.20899374783039093, 0.08485370129346848, 0.3822479844093323, 0.2820858061313629, 0.4016922116279602, 0.3057064414024353, 0.3601917028427124, 0.35097643733024597, 0.05308689549565315, 0.5731284022331238, 0.21047021448612213, 0.07583037763834, 0.674269437789917, 0.2617586553096771, 0.4925425350666046, 0.07889984548091888, 0.09514827281236649, 0.5567230582237244, 0.10882024466991425, 0.34357157349586487, 0.40890005230903625, 0.3042230010032654, 0.13601168990135193, 0.261570543050766, 0.05020354688167572, 0.22466948628425598, 0.2660147547721863, 0.29298219084739685, 0.36495429277420044, 0.39120155572891235, 0.12586063146591187, 0.36704912781715393, 0.5311480164527893, 